model_name,vocab_size,C,V,accuracy
word2vec-google-news-300,3000000,70,79,0.8860759493670886
glove-wiki-gigaword-300,400000,71,80,0.8875
fasttext-wiki-news-subwords-300,999999,73,80,0.9125
glove-twitter-200,1193514,45,78,0.5769230769230769
glove-twitter-25,1193514,38,78,0.48717948717948717
Word2Vec_w_3_e_25,15817,17,52,0.3269230769230769
Word2Vec_w_3_e_500,15817,19,52,0.36538461538461536
Word2Vec_w_7_e_25,15817,17,52,0.3269230769230769
Word2Vec_w_7_e_500,15817,17,52,0.3269230769230769
